Workbook

Sheet Master Lookup
A1: State 1: | B1: COOLING EXAMPLE | E1: {=INDEX('Relative Humidity Table '!$B$1:$AT$1,1,C3)} -> 35 | F1: {=INDEX('Relative Humidity Table '!$B$1:$AT$1,1,C3 + 1)} -> 37.5
A2: TDB | B2: 75 | C2: =MATCH(B2,'Relative Humidity Table '!$A$2:$A$51,1) -> 25 | D2: {=INDEX('Relative Humidity Table '!$A$2:$A$51,C2,1)} -> 75 | E2: {=INDEX('Relative Humidity Table '!$B$2:$AT$51,C2,C3)} -> 43.662623 | F2: {=INDEX('Relative Humidity Table '!$B$2:$AT$51,C2,C3 + 1)} -> 46.814915 | G2: SPECIFIC ENTHALPY | H2: HUMIDITY RATIO | I2: SPECIFIC VOLUME | J2: WET BULB
A3: RH [%] | B3: 35 | C3: =MATCH(B3,'Relative Humidity Table '!$B$1:$AT$1,1) -> 15 | D3: {=INDEX('Relative Humidity Table '!$A$2:$A$51,C2 + 1,1)} -> 76.8 | E3: {=INDEX('Relative Humidity Table '!$B$2:$AT$51,C2 + 1,C3)} -> 46.4523 | F3: {=INDEX('Relative Humidity Table '!$B$2:$AT$51,C2 + 1,C3 + 1)} -> 49.808279 | G3: =_xlfn.FORECAST.LINEAR(H3,E6:F6,E9:F9) -> 24.738642 | H3: =_xlfn.FORECAST.LINEAR(B3,E4:F4,E1:F1) -> 43.662623
D4: HUM RATIO 1st LIN. | E4: =_xlfn.FORECAST.LINEAR(B2,E2:E3,D2:D3) -> 43.662623 | F4: =_xlfn.FORECAST.LINEAR(B2,F2:F3,D2:D3) -> 46.814915 | G4: [BTU/lbda] | H4: [Grains/lbda] | I4: [ft^3/lbda] | J4: [F]
E6: {=INDEX('Enthalpy Table'!$B$1:$BT$1,1,C7)} -> 24 | F6: {=INDEX('Enthalpy Table'!$B$1:$BT$1,1,C7+1)} -> 25
C7: =MATCH(H3,_xlfn.XLOOKUP(D7,'Enthalpy Table'!$A$2:$A$51,'Enthalpy Table'!$B$2:$BT$51),1) -> 15 | D7: =D2 -> 75 | E7: {=INDEX('Enthalpy Table'!$B$2:$BT$51,C2,C7)} -> 39.003413 | F7: {=INDEX('Enthalpy Table'!$B$2:$BT$51,C2,C7 + 1)} -> 45.311219
C8: =MATCH(H3,_xlfn.XLOOKUP(D8,'Enthalpy Table'!$A$2:$A$51,'Enthalpy Table'!$B$2:$BT$51),1) -> 16 | D8: =D3 -> 76.8 | E8: {=INDEX('Enthalpy Table'!$B$2:$BT$51,C2 + 1,C7)} -> 36.185011 | F8: {=INDEX('Enthalpy Table'!$B$2:$BT$51,C2 + 1,C7 + 1)} -> 42.487929
D9: HUM RATIO 1ST LIN. | E9: =_xlfn.FORECAST.LINEAR(B2,E7:E8,D7:D8) -> 39.003413 | F9: =_xlfn.FORECAST.LINEAR(B2,F7:F8,D7:D8) -> 45.311219
A13: State 2: | E13: {=INDEX('Relative Humidity Table '!$B$1:$AT$1,1,C15)} -> 100 | F13: {=INDEX('Relative Humidity Table '!$B$1:$AT$1,1,C15 + 1)} -> 102.5
A14: TDB [F] | B14: 75 | C14: =MATCH(B14,'Relative Humidity Table '!$A$2:$A$51,1) -> 25 | D14: {=INDEX('Relative Humidity Table '!$A$2:$A$51,C14,1)} -> 75 | E14: {=INDEX('Relative Humidity Table '!$B$2:$AT$51,C14,C15)} -> 127.11776 | F14: {=INDEX('Relative Humidity Table '!$B$2:$AT$51,C14,C15 + 1)} -> 130.39087 | G14: SPECIFIC ENTHALPY | H14: HUMIDITY RATIO | I14: SPECIFIC VOLUME | J14: WET BULB
A15: RH [%] | B15: 100 | C15: =MATCH(B15,'Relative Humidity Table '!$B$1:$AT$1,1) -> 41 | D15: {=INDEX('Relative Humidity Table '!$A$2:$A$51,C14 + 1,1)} -> 76.8 | E15: {=INDEX('Relative Humidity Table '!$B$2:$AT$51,C14 + 1,C15)} -> 135.4037 | F15: {=INDEX('Relative Humidity Table '!$B$2:$AT$51,C14 + 1,C15 + 1)} -> 138.89678 | G15: =_xlfn.FORECAST.LINEAR(H15,E18:F18,E21:F21) -> 37.969096 | H15: =_xlfn.FORECAST.LINEAR(B15,E16:F16,E13:F13) -> 127.11776
D16: HUM RATIO 1st LIN. | E16: =_xlfn.FORECAST.LINEAR(B14,E14:E15,D14:D15) -> 127.11776 | F16: =_xlfn.FORECAST.LINEAR(B14,F14:F15,D14:D15) -> 130.39087 | G16: [BTU/lbda] | H16: [Grains/lbda] | I16: [ft^3/lbda] | J16: [F]
E18: {=INDEX('Enthalpy Table'!$B$1:$BT$1,1,C19)} -> 37 | F18: {=INDEX('Enthalpy Table'!$B$1:$BT$1,1,C19+1)} -> 38
C19: =MATCH(H15,_xlfn.XLOOKUP(D19,'Enthalpy Table'!$A$2:$A$51,'Enthalpy Table'!$B$2:$BT$51),1) -> 28 | D19: =D14 -> 75 | E19: {=INDEX('Enthalpy Table'!$B$2:$BT$51,C14,C19)} -> 121.00489 | F19: {=INDEX('Enthalpy Table'!$B$2:$BT$51,C14,C19 + 1)} -> 127.31269 | G19: SPECIFIC ENTHALPY DIFF
C20: =MATCH(H15,_xlfn.XLOOKUP(D20,'Enthalpy Table'!$A$2:$A$51,'Enthalpy Table'!$B$2:$BT$51),1) -> 29 | D20: =D15 -> 76.8 | E20: {=INDEX('Enthalpy Table'!$B$2:$BT$51,C14 + 1,C19)} -> 118.12294 | F20: {=INDEX('Enthalpy Table'!$B$2:$BT$51,C14 + 1,C19 + 1)} -> 124.42586 | G20: =ABS(G3-G15) -> 13.230454
D21: HUM RATIO 1ST LIN. | E21: =_xlfn.FORECAST.LINEAR(B14,E19:E20,D19:D20) -> 121.00489 | F21: =_xlfn.FORECAST.LINEAR(B14,F19:F20,D19:D20) -> 127.31269 | G21: [BTU/lbda]
V25: Percent Diff on Enthalpy values in comparision to texas a and m | W25: Percent Diff on moisture values in comparision to texas a and m
X26: 90db 40%
X27: 90db 30%
X28: 90db 50%
X29: 90db 60%
X30: 90db 100%
X31: 40db 100%
X32: 40db 50%
B34: *Tabulated data is off by <10% from texas A and M use wisely*
P40: *Code is correct tabulated data is slightly off*

Sheet Relative Humidity Table 
B1: 0 | C1: 2.5 | D1: =C1+2.5 -> 5 | E1: =D1+2.5 -> 7.5 | F1: =E1+2.5 -> 10 | G1: =F1+2.5 -> 12.5 | H1: =G1+2.5 -> 15 | I1: =H1+2.5 -> 17.5 | J1: =I1+2.5 -> 20 | K1: =J1+2.5 -> 22.5 | ... AT1: =AS1+2.5 -> 110 | AU1: [%]
A2: =30+1.8 -> 31.8 | B2: 0 | C2: 0.60502276 | D2: 1.2102137 | E2: 1.8155729 | F2: 2.4211003 | G2: 3.0267962 | H2: 3.6326605 | I2: 4.2386933 | J2: 4.8448948 | K2: 5.4512648 | L2: 6.0578036 | M2: 6.6645113 | N2: 7.2713877 | O2: 7.8784332 | P2: 8.4856476 | Q2: 9.0930311 | R2: 9.7005838 | S2: 10.308306 | T2: 10.916197 | U2: 11.524257 | V2: 12.132487 | W2: 12.740887 | X2: 13.349456 | Y2: 13.958195 | Z2: 14.567103 | AA2: 15.176181 | AB2: 15.78543 | AC2: 16.394848 | AD2: 17.004436 | AE2: 17.614194 | AF2: 18.224122 | AG2: 18.834221 | AH2: 19.444489 | AI2: 20.054928 | AJ2: 20.665538 | AK2: 21.276318 | AL2: 21.887269 | AM2: 22.49839 | AN2: 23.109682 | AO2: 23.721145 | AP2: 24.332779 | AQ2: 24.944583 | AR2: 25.556559 | AS2: 26.168705 | AT2: 26.781023
A3: =A2+1.8 -> 33.6 | B3: 0 | C3: 0.65191687 | D3: 1.304029 | E3: 1.9563365 | F3: 2.6088393 | G3: 3.2615377 | H3: 3.9144317 | I3: 4.5675214 | J3: 5.2208069 | K3: 5.8742882 | L3: 6.5279655 | M3: 7.1818388 | N3: 7.8359083 | O3: 8.490174 | P3: 9.1446359 | Q3: 9.7992943 | R3: 10.454149 | S3: 11.109201 | T3: 11.764449 | U3: 12.419894 | V3: 13.075535 | W3: 13.731374 | X3: 14.387409 | Y3: 15.043642 | Z3: 15.700072 | AA3: 16.356699 | AB3: 17.013524 | AC3: 17.670546 | AD3: 18.327765 | AE3: 18.985183 | AF3: 19.642798 | AG3: 20.30061 | AH3: 20.958621 | AI3: 21.61683 | AJ3: 22.275236 | AK3: 22.933841 | AL3: 23.592644 | AM3: 24.251646 | AN3: 24.910846 | AO3: 25.570244 | AP3: 26.229841 | AQ3: 26.889637 | AR3: 27.549632 | AS3: 28.209825 | AT3: 28.870218
A4: =A3+1.8 -> 35.4 | B4: 0 | C4: 0.70199715 | D4: 1.4042207 | E4: 2.1066708 | F4: 2.8093475 | G4: 3.5122509 | H4: 4.2153812 | I4: 4.9187384 | J4: 5.6223227 | K4: 6.3261341 | L4: 7.0301728 | M4: 7.734439 | N4: 8.4389326 | O4: 9.1436538 | P4: 9.8486028 | Q4: 10.55378 | R4: 11.259184 | S4: 11.964817 | T4: 12.670678 | U4: 13.376767 | V4: 14.083085 | W4: 14.789631 | X4: 15.496406 | Y4: 16.203409 | Z4: 16.910641 | AA4: 17.618103 | AB4: 18.325793 | AC4: 19.033712 | AD4: 19.741861 | AE4: 20.450239 | AF4: 21.158847 | AG4: 21.867684 | AH4: 22.576751 | AI4: 23.286048 | AJ4: 23.995574 | AK4: 24.705331 | AL4: 25.415318 | AM4: 26.125535 | AN4: 26.835983 | AO4: 27.546661 | AP4: 28.257569 | AQ4: 28.968709 | AR4: 29.680079 | AS4: 30.39168 | AT4: 31.103513
A5: =A4+1.8 -> 37.2 | B5: 0 | C5: 0.75544818 | D5: 1.5111586 | E5: 2.2671313 | F5: 3.0233664 | G5: 3.7798642 | H5: 4.5366248 | I5: 5.2936482 | J5: 6.0509346 | K5: 6.8084842 | L5: 7.566297 | M5: 8.3243733 | N5: 9.0827132 | O5: 9.8413167 | P5: 10.600184 | Q5: 11.359316 | R5: 12.118711 | S5: 12.878371 | T5: 13.638295 | U5: 14.398484 | V5: 15.158937 | W5: 15.919655 | X5: 16.680638 | Y5: 17.441886 | Z5: 18.2034 | AA5: 18.965179 | AB5: 19.727223 | AC5: 20.489533 | AD5: 21.252108 | AE5: 22.01495 | AF5: 22.778058 | AG5: 23.541431 | AH5: 24.305072 | AI5: 25.068978 | AJ5: 25.833152 | AK5: 26.597592 | AL5: 27.362298 | AM5: 28.127272 | AN5: 28.892513 | AO5: 29.658022 | AP5: 30.423798 | AQ5: 31.189841 | AR5: 31.956152 | AS5: 32.722731 | AT5: 33.489579
A6: =A5+1.8 -> 39 | B6: 0 | C6: 0.81246323 | D6: 1.6252297 | E6: 2.4382997 | F6: 3.2516732 | G6: 4.0653505 | H6: 4.8793318 | I6: 5.6936172 | J6: 6.5082069 | K6: 7.3231011 | L6: 8.1382999 | M6: 8.9538035 | N6: 9.769612 | O6: 10.585726 | P6: 11.402145 | Q6: 12.218869 | R6: 13.035899 | S6: 13.853235 | T6: 14.670877 | U6: 15.488826 | V6: 16.30708 | W6: 17.125641 | X6: 17.944509 | Y6: 18.763684 | Z6: 19.583165 | AA6: 20.402954 | AB6: 21.22305 | AC6: 22.043454 | AD6: 22.864166 | AE6: 23.685185 | AF6: 24.506513 | AG6: 25.328148 | AH6: 26.150092 | AI6: 26.972345 | AJ6: 27.794907 | AK6: 28.617777 | AL6: 29.440957 | AM6: 30.264446 | AN6: 31.088244 | AO6: 31.912352 | AP6: 32.73677 | AQ6: 33.561497 | AR6: 34.386535 | AS6: 35.211884 | AT6: 36.037543
A7: =A6+1.8 -> 40.8 | B7: 0 | C7: 0.87324461 | D7: 1.7468396 | E7: 2.6207851 | F7: 3.4950814 | G7: 4.3697286 | H7: 5.2447271 | I7: 6.1200769 | J7: 6.9957784 | K7: 7.8718317 | L7: 8.7482371 | M7: 9.6249947 | N7: 10.502105 | O7: 11.379568 | P7: 12.257383 | Q7: 13.135552 | R7: 14.014074 | S7: 14.89295 | T7: 15.772179 | U7: 16.651762 | V7: 17.5317 | W7: 18.411991 | X7: 19.292638 | Y7: 20.173639 | Z7: 21.054995 | AA7: 21.936707 | AB7: 22.818774 | AC7: 23.701197 | AD7: 24.583975 | AE7: 25.46711 | AF7: 26.350601 | AG7: 27.234448 | AH7: 28.118652 | AI7: 29.003214 | AJ7: 29.888132 | AK7: 30.773408 | AL7: 31.659041 | AM7: 32.545032 | AN7: 33.431382 | AO7: 34.318089 | AP7: 35.205155 | AQ7: 36.09258 | AR7: 36.980364 | AS7: 37.868506 | AT7: 38.757009
A8: =A7+1.8 -> 42.6 | B8: 0 | C8: 0.93800395 | D8: 1.8764121 | E8: 2.8152248 | F8: 3.7544423 | G8: 4.6940648 | H8: 5.6340926 | I8: 6.574526 | J8: 7.5153651 | K8: 8.4566104 | L8: 9.3982619 | M8: 10.34032 | N8: 11.282785 | O8: 12.225657 | P8: 13.168937 | Q8: 14.112624 | R8: 15.056719 | S8: 16.001223 | T8: 16.946135 | U8: 17.891455 | V8: 18.837185 | W8: 19.783323 | X8: 20.729872 | Y8: 21.67683 | Z8: 22.624198 | AA8: 23.571976 | AB8: 24.520165 | AC8: 25.468765 | AD8: 26.417776 | AE8: 27.367198 | AF8: 28.317032 | AG8: 29.267278 | AH8: 30.217936 | AI8: 31.169007 | AJ8: 32.12049 | AK8: 33.072387 | AL8: 34.024696 | AM8: 34.977419 | AN8: 35.930556 | AO8: 36.884107 | AP8: 37.838072 | AQ8: 38.792452 | AR8: 39.747247 | AS8: 40.702457 | AT8: 41.658082
A9: =A8+1.8 -> 44.4 | B9: 0 | C9: 1.0069626 | D9: 2.014391 | E9: 3.0222856 | F9: 4.0306468 | G9: 5.0394748 | H9: 6.0487699 | I9: 7.0585326 | J9: 8.0687631 | K9: 9.0794617 | L9: 10.090629 | M9: 11.102265 | N9: 12.11437 | O9: 13.126944 | P9: 14.139988 | Q9: 15.153503 | R9: 16.167488 | S9: 17.181943 | T9: 18.19687 | U9: 19.212268 | V9: 20.228137 | W9: 21.244479 | X9: 22.261293 | Y9: 23.27858 | Z9: 24.29634 | AA9: 25.314574 | AB9: 26.333281 | AC9: 27.352462 | AD9: 28.372118 | AE9: 29.392248 | AF9: 30.412853 | AG9: 31.433934 | AH9: 32.45549 | AI9: 33.477523 | AJ9: 34.500032 | AK9: 35.523017 | AL9: 36.54648 | AM9: 37.57042 | AN9: 38.594837 | AO9: 39.619733 | AP9: 40.645107 | AQ9: 41.67096 | AR9: 42.697291 | AS9: 43.724103 | AT9: 44.751394
A10: =A9+1.8 -> 46.2 | B10: 0 | C10: 1.0803517 | D10: 2.1612397 | E10: 3.2426643 | F10: 4.3246261 | G10: 5.4071252 | H10: 6.4901623 | I10: 7.5737376 | J10: 8.6578516 | K10: 9.7425046 | L10: 10.827697 | M10: 11.91343 | N10: 12.999702 | O10: 14.086516 | P10: 15.17387 | Q10: 16.261766 | R10: 17.350204 | S10: 18.439184 | T10: 19.528707 | U10: 20.618773 | V10: 21.709382 | W10: 22.800535 | X10: 23.892233 | Y10: 24.984475 | Z10: 26.077263 | AA10: 27.170596 | AB10: 28.264475 | AC10: 29.358901 | AD10: 30.453873 | AE10: 31.549392 | AF10: 32.645459 | AG10: 33.742074 | AH10: 34.839238 | AI10: 35.93695 | AJ10: 37.035212 | AK10: 38.134023 | AL10: 39.233384 | AM10: 40.333296 | AN10: 41.433758 | AO10: 42.534772 | AP10: 43.636338 | AQ10: 44.738456 | AR10: 45.841126 | AS10: 46.94435 | AT10: 48.048126
A11: =A10+1.8 -> 48 | B11: 0 | C11: 1.158413 | D11: 2.3174426 | E11: 3.4770893 | F11: 4.6373535 | G11: 5.7982357 | H11: 6.9597366 | I11: 8.1218564 | J11: 9.2845958 | K11: 10.447955 | L11: 11.611935 | M11: 12.776536 | N11: 13.941759 | O11: 15.107603 | P11: 16.27407 | Q11: 17.44116 | R11: 18.608874 | S11: 19.777211 | T11: 20.946173 | U11: 22.11576 | V11: 23.285973 | W11: 24.456812 | X11: 25.628277 | Y11: 26.800369 | Z11: 27.973089 | AA11: 29.146436 | AB11: 30.320413 | AC11: 31.495018 | AD11: 32.670253 | AE11: 33.846118 | AF11: 35.022613 | AG11: 36.19974 | AH11: 37.377498 | AI11: 38.555888 | AJ11: 39.734911 | AK11: 40.914567 | AL11: 42.094856 | AM11: 43.27578 | AN11: 44.457338 | AO11: 45.639531 | AP11: 46.82236 | AQ11: 48.005826 | AR11: 49.189927 | AS11: 50.374667 | AT11: 51.560043
A12: =A11+1.8 -> 49.8 | B12: 0 | C12: 1.2413987 | D12: 2.4835055 | E12: 3.726321 | F12: 4.9698459 | G12: 6.2140806 | H12: 7.4590258 | I12: 8.7046822 | J12: 9.9510503 | K12: 11.198131 | L12: 12.445924 | M12: 13.694431 | N12: 14.943652 | O12: 16.193588 | P12: 17.44424 | Q12: 18.695607 | R12: 19.947691 | S12: 21.200492 | T12: 22.454011 | U12: 23.708249 | V12: 24.963206 | W12: 26.218882 | X12: 27.475279 | Y12: 28.732397 | Z12: 29.990236 | AA12: 31.248798 | AB12: 32.508082 | AC12: 33.76809 | AD12: 35.028822 | AE12: 36.290278 | AF12: 37.55246 | AG12: 38.815368 | AH12: 40.079002 | AI12: 41.343364 | AJ12: 42.608453 | AK12: 43.874271 | AL12: 45.140818 | AM12: 46.408095 | AN12: 47.676102 | AO12: 48.94484 | AP12: 50.21431 | AQ12: 51.484512 | AR12: 52.755447 | AS12: 54.027115 | AT12: 55.299517
A13: =A12+1.8 -> 51.6 | B13: 0 | C13: 1.3295721 | D13: 2.6599565 | E13: 3.9911538 | F13: 5.323165 | G13: 6.6559906 | H13: 7.9896315 | I13: 9.3240883 | J13: 10.659362 | K13: 11.995453 | L13: 13.332362 | M13: 14.670091 | N13: 16.008639 | O13: 17.348008 | P13: 18.688197 | Q13: 20.029209 | R13: 21.371044 | S13: 22.713702 | T13: 24.057185 | U13: 25.401492 | V13: 26.746626 | W13: 28.092586 | X13: 29.439373 | Y13: 30.786988 | Z13: 32.135432 | AA13: 33.484706 | AB13: 34.83481 | AC13: 36.185746 | AD13: 37.537513 | AE13: 38.890113 | AF13: 40.243547 | AG13: 41.597814 | AH13: 42.952917 | AI13: 44.308855 | AJ13: 45.66563 | AK13: 47.023243 | AL13: 48.381693 | AM13: 49.740982 | AN13: 51.101111 | AO13: 52.462081 | AP13: 53.823891 | AQ13: 55.186544 | AR13: 56.550039 | AS13: 57.914378 | AT13: 59.279562
A14: =A13+1.8 -> 53.4 | B14: 0 | C14: 1.4232078 | D14: 2.8473462 | E14: 4.2724164 | F14: 5.698419 | G14: 7.1253552 | H14: 8.5532257 | I14: 9.9820315 | J14: 11.411774 | K14: 12.842453 | L14: 14.27407 | M14: 15.706626 | N14: 17.140122 | O14: 18.574559 | P14: 20.009938 | Q14: 21.446259 | R14: 22.883524 | S14: 24.321734 | T14: 25.760889 | U14: 27.200991 | V14: 28.642039 | W14: 30.084036 | X14: 31.526983 | Y14: 32.970879 | Z14: 34.415727 | AA14: 35.861526 | AB14: 37.308279 | AC14: 38.755986 | AD14: 40.204647 | AE14: 41.654264 | AF14: 43.104838 | AG14: 44.55637 | AH14: 46.00886 | AI14: 47.46231 | AJ14: 48.91672 | AK14: 50.372092 | AL14: 51.828426 | AM14: 53.285724 | AN14: 54.743986 | AO14: 56.203214 | AP14: 57.663408 | AQ14: 59.124569 | AR14: 60.586698 | AS14: 62.049796 | AT14: 63.513865
... A51: =A50+1.8 -> 120 | B51: 0 | C51: 12.574713 | D51: 25.22227 | E51: 37.943306 | F51: 50.738463 | G51: 63.608391 | H51: 76.553746 | I51: 89.575195 | J51: 102.67341 | K51: 115.84907 | L51: 129.10287 | M51: 142.4355 | N51: 155.84767 | O51: 169.34009 | P51: 182.91348 | Q51: 196.56859 | R51: 210.30613 | S51: 224.12687 | T51: 238.03157 | U51: 252.02098 | V51: 266.09589 | W51: 280.25709 | X51: 294.50536 | Y51: 308.84152 | Z51: 323.26638 | AA51: 337.78076 | AB51: 352.3855 | AC51: 367.08146 | AD51: 381.86948 | AE51: 396.75043 | AF51: 411.72519 | AG51: 426.79466 | AH51: 441.95972 | AI51: 457.22131 | AJ51: 472.58033 | AK51: 488.03773 | AL51: 503.59446 | AM51: 519.25147 | AN51: 535.00974 | AO51: 550.87025 | AP51: 566.834 | AQ51: 582.90201 | AR51: 599.07529 | AS51: 615.35489 | AT51: 631.74186
A52: [F]

Sheet Enthalpy Table
B1: 10 | C1: =B1+1 -> 11 | D1: =C1+1 -> 12 | E1: =D1+1 -> 13 | F1: =E1+1 -> 14 | G1: =F1+1 -> 15 | H1: =G1+1 -> 16 | I1: =H1+1 -> 17 | J1: =I1+1 -> 18 | ... BT1: =BS1+1 -> 80 | BU1: [BTU/LBA]
A2: =30+1.8 -> 31.8 | B2: 17.921702 | C2: 24.34712 | D2: 30.772538 | E2: 37.197957 | F2: 43.623375 | G2: 50.048793 | H2: 56.474212 | I2: 62.89963 | J2: 69.325048 | K2: 75.750467 | L2: 82.175885 | M2: 88.601303 | N2: 95.026722 | O2: 101.45214 | P2: 107.87756 | Q2: 114.30298 | R2: 120.7284 | S2: 127.15381 | T2: 133.57923 | U2: 140.00465 | V2: 146.43007 | W2: 152.85549 | X2: 159.28091 | Y2: 165.70632 | Z2: 172.13174 | AA2: 178.55716 | AB2: 184.98258 | AC2: 191.408 | AD2: 197.83342 | AE2: 204.25883 | AF2: 210.68425 | AG2: 217.10967 | AH2: 223.53509 | AI2: 229.96051 | AJ2: 236.38592 | AK2: 242.81134 | AL2: 249.23676 | AM2: 255.66218 | AN2: 262.0876 | AO2: 268.51302 | AP2: 274.93843 | AQ2: 281.36385 | AR2: 287.78927 | AS2: 294.21469 | AT2: 300.64011 | AU2: 307.06553 | AV2: 313.49094 | AW2: 319.91636 | AX2: 326.34178 | AY2: 332.7672 | AZ2: 339.19262 | BA2: 345.61804 | BB2: 352.04345 | BC2: 358.46887 | BD2: 364.89429 | BE2: 371.31971 | BF2: 377.74513 | BG2: 384.17055 | BH2: 390.59596 | BI2: 397.02138 | BJ2: 403.4468 | BK2: 409.87222 | BL2: 416.29764 | BM2: 422.72306 | BN2: 429.14847 | BO2: 435.57389 | BP2: 441.99931 | BQ2: 448.42473 | BR2: 454.85015 | BS2: 461.27557 | BT2: 467.70098
A3: =A2+1.8 -> 33.6 | B3: 15.072742 | C3: 21.493243 | D3: 27.913744 | E3: 34.334245 | F3: 40.754746 | G3: 47.175247 | H3: 53.595748 | I3: 60.016249 | J3: 66.436751 | K3: 72.857252 | L3: 79.277753 | M3: 85.698254 | N3: 92.118755 | O3: 98.539256 | P3: 104.95976 | Q3: 111.38026 | R3: 117.80076 | S3: 124.22126 | T3: 130.64176 | U3: 137.06226 | V3: 143.48276 | W3: 149.90326 | X3: 156.32377 | Y3: 162.74427 | Z3: 169.16477 | AA3: 175.58527 | AB3: 182.00577 | AC3: 188.42627 | AD3: 194.84677 | AE3: 201.26727 | AF3: 207.68777 | AG3: 214.10828 | AH3: 220.52878 | AI3: 226.94928 | AJ3: 233.36978 | AK3: 239.79028 | AL3: 246.21078 | AM3: 252.63128 | AN3: 259.05178 | AO3: 265.47228 | AP3: 271.89279 | AQ3: 278.31329 | AR3: 284.73379 | AS3: 291.15429 | AT3: 297.57479 | AU3: 303.99529 | AV3: 310.41579 | AW3: 316.83629 | AX3: 323.25679 | AY3: 329.6773 | AZ3: 336.0978 | BA3: 342.5183 | BB3: 348.9388 | BC3: 355.3593 | BD3: 361.7798 | BE3: 368.2003 | BF3: 374.6208 | BG3: 381.0413 | BH3: 387.46181 | BI3: 393.88231 | BJ3: 400.30281 | BK3: 406.72331 | BL3: 413.14381 | BM3: 419.56431 | BN3: 425.98481 | BO3: 432.40531 | BP3: 438.82581 | BQ3: 445.24632 | BR3: 451.66682 | BS3: 458.08732 | BT3: 464.50782
A4: =A3+1.8 -> 35.4 | B4: 12.228002 | C4: 18.643587 | D4: 25.059173 | E4: 31.474759 | F4: 37.890345 | G4: 44.30593 | H4: 50.721516 | I4: 57.137102 | J4: 63.552687 | K4: 69.968273 | L4: 76.383859 | M4: 82.799444 | N4: 89.21503 | O4: 95.630616 | P4: 102.0462 | Q4: 108.46179 | R4: 114.87737 | S4: 121.29296 | T4: 127.70854 | U4: 134.12413 | V4: 140.53972 | W4: 146.9553 | X4: 153.37089 | Y4: 159.78647 | Z4: 166.20206 | AA4: 172.61764 | AB4: 179.03323 | AC4: 185.44882 | AD4: 191.8644 | AE4: 198.27999 | AF4: 204.69557 | AG4: 211.11116 | AH4: 217.52674 | AI4: 223.94233 | AJ4: 230.35792 | AK4: 236.7735 | AL4: 243.18909 | AM4: 249.60467 | AN4: 256.02026 | AO4: 262.43584 | AP4: 268.85143 | AQ4: 275.26702 | AR4: 281.6826 | AS4: 288.09819 | AT4: 294.51377 | AU4: 300.92936 | AV4: 307.34494 | AW4: 313.76053 | AX4: 320.17612 | AY4: 326.5917 | AZ4: 333.00729 | BA4: 339.42287 | BB4: 345.83846 | BC4: 352.25404 | BD4: 358.66963 | BE4: 365.08521 | BF4: 371.5008 | BG4: 377.91639 | BH4: 384.33197 | BI4: 390.74756 | BJ4: 397.16314 | BK4: 403.57873 | BL4: 409.99431 | BM4: 416.4099 | BN4: 422.82549 | BO4: 429.24107 | BP4: 435.65666 | BQ4: 442.07224 | BR4: 448.48783 | BS4: 454.90341 | BT4: 461.319
A5: =A4+1.8 -> 37.2 | B5: 9.3874727 | C5: 15.798145 | D5: 22.208817 | E5: 28.619489 | F5: 35.030161 | G5: 41.440833 | H5: 47.851505 | I5: 54.262177 | J5: 60.672849 | K5: 67.083521 | L5: 73.494193 | M5: 79.904865 | N5: 86.315537 | O5: 92.726209 | P5: 99.136881 | Q5: 105.54755 | R5: 111.95823 | S5: 118.3689 | T5: 124.77957 | U5: 131.19024 | V5: 137.60091 | W5: 144.01159 | X5: 150.42226 | Y5: 156.83293 | Z5: 163.2436 | AA5: 169.65427 | AB5: 176.06495 | AC5: 182.47562 | AD5: 188.88629 | AE5: 195.29696 | AF5: 201.70763 | AG5: 208.11831 | AH5: 214.52898 | AI5: 220.93965 | AJ5: 227.35032 | AK5: 233.76099 | AL5: 240.17167 | AM5: 246.58234 | AN5: 252.99301 | AO5: 259.40368 | AP5: 265.81436 | AQ5: 272.22503 | AR5: 278.6357 | AS5: 285.04637 | AT5: 291.45704 | AU5: 297.86772 | AV5: 304.27839 | AW5: 310.68906 | AX5: 317.09973 | AY5: 323.5104 | AZ5: 329.92108 | BA5: 336.33175 | BB5: 342.74242 | BC5: 349.15309 | BD5: 355.56376 | BE5: 361.97444 | BF5: 368.38511 | BG5: 374.79578 | BH5: 381.20645 | BI5: 387.61712 | BJ5: 394.0278 | BK5: 400.43847 | BL5: 406.84914 | BM5: 413.25981 | BN5: 419.67048 | BO5: 426.08116 | BP5: 432.49183 | BQ5: 438.9025 | BR5: 445.31317 | BS5: 451.72384 | BT5: 458.13452
A6: =A5+1.8 -> 39 | B6: 6.5511456 | C6: 12.956906 | D6: 19.362666 | E6: 25.768426 | F6: 32.174186 | G6: 38.579946 | H6: 44.985706 | I6: 51.391467 | J6: 57.797227 | K6: 64.202987 | L6: 70.608747 | M6: 77.014507 | N6: 83.420267 | O6: 89.826027 | P6: 96.231787 | Q6: 102.63755 | R6: 109.04331 | S6: 115.44907 | T6: 121.85483 | U6: 128.26059 | V6: 134.66635 | W6: 141.07211 | X6: 147.47787 | Y6: 153.88363 | Z6: 160.28939 | AA6: 166.69515 | AB6: 173.10091 | AC6: 179.50667 | AD6: 185.91243 | AE6: 192.31819 | AF6: 198.72395 | AG6: 205.12971 | AH6: 211.53547 | AI6: 217.94123 | AJ6: 224.34699 | AK6: 230.75275 | AL6: 237.15851 | AM6: 243.56427 | AN6: 249.97003 | AO6: 256.37579 | AP6: 262.78155 | AQ6: 269.18731 | AR6: 275.59307 | AS6: 281.99883 | AT6: 288.40459 | AU6: 294.81035 | AV6: 301.21611 | AW6: 307.62187 | AX6: 314.02763 | AY6: 320.43339 | AZ6: 326.83915 | BA6: 333.24491 | BB6: 339.65067 | BC6: 346.05643 | BD6: 352.46219 | BE6: 358.86795 | BF6: 365.27371 | BG6: 371.67947 | BH6: 378.08523 | BI6: 384.49099 | BJ6: 390.89675 | BK6: 397.30251 | BL6: 403.70827 | BM6: 410.11403 | BN6: 416.51979 | BO6: 422.92555 | BP6: 429.33131 | BQ6: 435.73707 | BR6: 442.14283 | BS6: 448.54859 | BT6: 454.95436
A7: =A6+1.8 -> 40.8 | B7: 3.7190116 | C7: 10.119861 | D7: 16.520711 | E7: 22.921561 | F7: 29.322411 | G7: 35.723261 | H7: 42.124111 | I7: 48.524961 | J7: 54.925811 | K7: 61.32666 | L7: 67.72751 | M7: 74.12836 | N7: 80.52921 | O7: 86.93006 | P7: 93.33091 | Q7: 99.73176 | R7: 106.13261 | S7: 112.53346 | T7: 118.93431 | U7: 125.33516 | V7: 131.73601 | W7: 138.13686 | X7: 144.53771 | Y7: 150.93856 | Z7: 157.33941 | AA7: 163.74026 | AB7: 170.14111 | AC7: 176.54196 | AD7: 182.94281 | AE7: 189.34366 | AF7: 195.74451 | AG7: 202.14536 | AH7: 208.54621 | AI7: 214.94706 | AJ7: 221.34791 | AK7: 227.74876 | AL7: 234.14961 | AM7: 240.55046 | AN7: 246.95131 | AO7: 253.35216 | AP7: 259.75301 | AQ7: 266.15386 | AR7: 272.55471 | AS7: 278.95556 | AT7: 285.35641 | AU7: 291.75726 | AV7: 298.15811 | AW7: 304.55896 | AX7: 310.95981 | AY7: 317.36066 | AZ7: 323.76151 | BA7: 330.16236 | BB7: 336.56321 | BC7: 342.96405 | BD7: 349.3649 | BE7: 355.76575 | BF7: 362.1666 | BG7: 368.56745 | BH7: 374.9683 | BI7: 381.36915 | BJ7: 387.77 | BK7: 394.17085 | BL7: 400.5717 | BM7: 406.97255 | BN7: 413.3734 | BO7: 419.77425 | BP7: 426.1751 | BQ7: 432.57595 | BR7: 438.9768 | BS7: 445.37765 | BT7: 451.7785
A8: =A7+1.8 -> 42.6 | B8: 0.89106207 | C8: 7.2870033 | D8: 13.682945 | E8: 20.078886 | F8: 26.474827 | G8: 32.870768 | H8: 39.266709 | I8: 45.662651 | J8: 52.058592 | K8: 58.454533 | L8: 64.850474 | M8: 71.246416 | N8: 77.642357 | O8: 84.038298 | P8: 90.434239 | Q8: 96.83018 | R8: 103.22612 | S8: 109.62206 | T8: 116.018 | U8: 122.41395 | V8: 128.80989 | W8: 135.20583 | X8: 141.60177 | Y8: 147.99771 | Z8: 154.39365 | AA8: 160.78959 | AB8: 167.18553 | AC8: 173.58148 | AD8: 179.97742 | AE8: 186.37336 | AF8: 192.7693 | AG8: 199.16524 | AH8: 205.56118 | AI8: 211.95712 | AJ8: 218.35306 | AK8: 224.749 | AL8: 231.14495 | AM8: 237.54089 | AN8: 243.93683 | AO8: 250.33277 | AP8: 256.72871 | AQ8: 263.12465 | AR8: 269.52059 | AS8: 275.91653 | AT8: 282.31248 | AU8: 288.70842 | AV8: 295.10436 | AW8: 301.5003 | AX8: 307.89624 | AY8: 314.29218 | AZ8: 320.68812 | BA8: 327.08406 | BB8: 333.48001 | BC8: 339.87595 | BD8: 346.27189 | BE8: 352.66783 | BF8: 359.06377 | BG8: 365.45971 | BH8: 371.85565 | BI8: 378.25159 | BJ8: 384.64754 | BK8: 391.04348 | BL8: 397.43942 | BM8: 403.83536 | BN8: 410.2313 | BO8: 416.62724 | BP8: 423.02318 | BQ8: 429.41912 | BR8: 435.81507 | BS8: 442.21101 | BT8: 448.60695
A9: =A8+1.8 -> 44.4 | B9: -1.9327117 | C9: 4.4583225 | D9: 10.849357 | E9: 17.240391 | F9: 23.631425 | G9: 30.022459 | H9: 36.413493 | I9: 42.804527 | J9: 49.195561 | K9: 55.586596 | L9: 61.97763 | M9: 68.368664 | N9: 74.759698 | O9: 81.150732 | P9: 87.541766 | Q9: 93.9328 | R9: 100.32383 | S9: 106.71487 | T9: 113.1059 | U9: 119.49694 | V9: 125.88797 | W9: 132.27901 | X9: 138.67004 | Y9: 145.06107 | Z9: 151.45211 | AA9: 157.84314 | AB9: 164.23418 | AC9: 170.62521 | AD9: 177.01624 | AE9: 183.40728 | AF9: 189.79831 | AG9: 196.18935 | AH9: 202.58038 | AI9: 208.97141 | AJ9: 215.36245 | AK9: 221.75348 | AL9: 228.14452 | AM9: 234.53555 | AN9: 240.92659 | AO9: 247.31762 | AP9: 253.70865 | AQ9: 260.09969 | AR9: 266.49072 | AS9: 272.88176 | AT9: 279.27279 | AU9: 285.66382 | AV9: 292.05486 | AW9: 298.44589 | AX9: 304.83693 | AY9: 311.22796 | AZ9: 317.619 | BA9: 324.01003 | BB9: 330.40106 | BC9: 336.7921 | BD9: 343.18313 | BE9: 349.57417 | BF9: 355.9652 | BG9: 362.35623 | BH9: 368.74727 | BI9: 375.1383 | BJ9: 381.52934 | BK9: 387.92037 | BL9: 394.31141 | BM9: 400.70244 | BN9: 407.09347 | BO9: 413.48451 | BP9: 419.87554 | BQ9: 426.26658 | BR9: 432.65761 | BS9: 439.04864 | BT9: 445.43968
A10: =A9+1.8 -> 46.2 | B10: -4.7523182 | C10: 1.6338104 | D10: 8.019939 | E10: 14.406068 | F10: 20.792196 | G10: 27.178325 | H10: 33.564453 | I10: 39.950582 | J10: 46.33671 | K10: 52.722839 | L10: 59.108968 | M10: 65.495096 | N10: 71.881225 | O10: 78.267353 | P10: 84.653482 | Q10: 91.03961 | R10: 97.425739 | S10: 103.81187 | T10: 110.198 | U10: 116.58412 | V10: 122.97025 | W10: 129.35638 | X10: 135.74251 | Y10: 142.12864 | Z10: 148.51477 | AA10: 154.9009 | AB10: 161.28702 | AC10: 167.67315 | AD10: 174.05928 | AE10: 180.44541 | AF10: 186.83154 | AG10: 193.21767 | AH10: 199.6038 | AI10: 205.98992 | AJ10: 212.37605 | AK10: 218.76218 | AL10: 225.14831 | AM10: 231.53444 | AN10: 237.92057 | AO10: 244.3067 | AP10: 250.69282 | AQ10: 257.07895 | AR10: 263.46508 | AS10: 269.85121 | AT10: 276.23734 | AU10: 282.62347 | AV10: 289.0096 | AW10: 295.39572 | AX10: 301.78185 | AY10: 308.16798 | AZ10: 314.55411 | BA10: 320.94024 | BB10: 327.32637 | BC10: 333.7125 | BD10: 340.09862 | BE10: 346.48475 | BF10: 352.87088 | BG10: 359.25701 | BH10: 365.64314 | BI10: 372.02927 | BJ10: 378.4154 | BK10: 384.80152 | BL10: 391.18765 | BM10: 397.57378 | BN10: 403.95991 | BO10: 410.34604 | BP10: 416.73217 | BQ10: 423.1183 | BR10: 429.50442 | BS10: 435.89055 | BT10: 442.27668
A11: =A10+1.8 -> 48 | B11: -7.5677659 | C11: -1.1865414 | D11: 5.1946831 | E11: 11.575908 | F11: 17.957132 | G11: 24.338357 | H11: 30.719581 | I11: 37.100806 | J11: 43.48203 | K11: 49.863254 | L11: 56.244479 | M11: 62.625703 | N11: 69.006928 | O11: 75.388152 | P11: 81.769377 | Q11: 88.150601 | R11: 94.531826 | S11: 100.91305 | T11: 107.29427 | U11: 113.6755 | V11: 120.05672 | W11: 126.43795 | X11: 132.81917 | Y11: 139.2004 | Z11: 145.58162 | AA11: 151.96285 | AB11: 158.34407 | AC11: 164.7253 | AD11: 171.10652 | AE11: 177.48774 | AF11: 183.86897 | AG11: 190.25019 | AH11: 196.63142 | AI11: 203.01264 | AJ11: 209.39387 | AK11: 215.77509 | AL11: 222.15632 | AM11: 228.53754 | AN11: 234.91876 | AO11: 241.29999 | AP11: 247.68121 | AQ11: 254.06244 | AR11: 260.44366 | AS11: 266.82489 | AT11: 273.20611 | AU11: 279.58734 | AV11: 285.96856 | AW11: 292.34978 | AX11: 298.73101 | AY11: 305.11223 | AZ11: 311.49346 | BA11: 317.87468 | BB11: 324.25591 | BC11: 330.63713 | BD11: 337.01836 | BE11: 343.39958 | BF11: 349.78081 | BG11: 356.16203 | BH11: 362.54325 | BI11: 368.92448 | BJ11: 375.3057 | BK11: 381.68693 | BL11: 388.06815 | BM11: 394.44938 | BN11: 400.8306 | BO11: 407.21183 | BP11: 413.59305 | BQ11: 419.97427 | BR11: 426.3555 | BS11: 432.73672 | BT11: 439.11795
A12: =A11+1.8 -> 49.8 | B12: -10.379063 | C12: -4.0027413 | D12: 2.3735805 | E12: 8.7499024 | F12: 15.126224 | G12: 21.502546 | H12: 27.878868 | I12: 34.25519 | J12: 40.631511 | K12: 47.007833 | L12: 53.384155 | M12: 59.760477 | N12: 66.136799 | O12: 72.51312 | P12: 78.889442 | Q12: 85.265764 | R12: 91.642086 | S12: 98.018408 | T12: 104.39473 | U12: 110.77105 | V12: 117.14737 | W12: 123.5237 | X12: 129.90002 | Y12: 136.27634 | Z12: 142.65266 | AA12: 149.02898 | AB12: 155.4053 | AC12: 161.78163 | AD12: 168.15795 | AE12: 174.53427 | AF12: 180.91059 | AG12: 187.28691 | AH12: 193.66323 | AI12: 200.03956 | AJ12: 206.41588 | AK12: 212.7922 | AL12: 219.16852 | AM12: 225.54484 | AN12: 231.92117 | AO12: 238.29749 | AP12: 244.67381 | AQ12: 251.05013 | AR12: 257.42645 | AS12: 263.80277 | AT12: 270.1791 | AU12: 276.55542 | AV12: 282.93174 | AW12: 289.30806 | AX12: 295.68438 | AY12: 302.06071 | AZ12: 308.43703 | BA12: 314.81335 | BB12: 321.18967 | BC12: 327.56599 | BD12: 333.94231 | BE12: 340.31864 | BF12: 346.69496 | BG12: 353.07128 | BH12: 359.4476 | BI12: 365.82392 | BJ12: 372.20025 | BK12: 378.57657 | BL12: 384.95289 | BM12: 391.32921 | BN12: 397.70553 | BO12: 404.08185 | BP12: 410.45818 | BQ12: 416.8345 | BR12: 423.21082 | BS12: 429.58714 | BT12: 435.96346
A13: =A12+1.8 -> 51.6 | B13: -13.186218 | C13: -6.8147976 | D13: -0.44337705 | E13: 5.9280435 | F13: 12.299464 | G13: 18.670885 | H13: 25.042305 | I13: 31.413726 | J13: 37.785146 | K13: 44.156567 | L13: 50.527987 | M13: 56.899408 | N13: 63.270828 | O13: 69.642249 | P13: 76.013669 | Q13: 82.38509 | R13: 88.75651 | S13: 95.127931 | T13: 101.49935 | U13: 107.87077 | V13: 114.24219 | W13: 120.61361 | X13: 126.98503 | Y13: 133.35645 | Z13: 139.72787 | AA13: 146.0993 | AB13: 152.47072 | AC13: 158.84214 | AD13: 165.21356 | AE13: 171.58498 | AF13: 177.9564 | AG13: 184.32782 | AH13: 190.69924 | AI13: 197.07066 | AJ13: 203.44208 | AK13: 209.8135 | AL13: 216.18492 | AM13: 222.55634 | AN13: 228.92776 | AO13: 235.29918 | AP13: 241.6706 | AQ13: 248.04202 | AR13: 254.41344 | AS13: 260.78486 | AT13: 267.15629 | AU13: 273.52771 | AV13: 279.89913 | AW13: 286.27055 | AX13: 292.64197 | AY13: 299.01339 | AZ13: 305.38481 | BA13: 311.75623 | BB13: 318.12765 | BC13: 324.49907 | BD13: 330.87049 | BE13: 337.24191 | BF13: 343.61333 | BG13: 349.98475 | BH13: 356.35617 | BI13: 362.72759 | BJ13: 369.09901 | BK13: 375.47043 | BL13: 381.84185 | BM13: 388.21328 | BN13: 394.5847 | BO13: 400.95612 | BP13: 407.32754 | BQ13: 413.69896 | BR13: 420.07038 | BS13: 426.4418 | BT13: 432.81322
A14: =A13+1.8 -> 53.4 | B14: -15.989239 | C14: -9.6227185 | D14: -3.256198 | E14: 3.1103226 | F14: 9.4768432 | G14: 15.843364 | H14: 22.209884 | I14: 28.576405 | J14: 34.942926 | K14: 41.309446 | L14: 47.675967 | M14: 54.042487 | N14: 60.409008 | O14: 66.775528 | P14: 73.142049 | Q14: 79.50857 | R14: 85.87509 | S14: 92.241611 | T14: 98.608131 | U14: 104.97465 | V14: 111.34117 | W14: 117.70769 | X14: 124.07421 | Y14: 130.44073 | Z14: 136.80725 | AA14: 143.17378 | AB14: 149.5403 | AC14: 155.90682 | AD14: 162.27334 | AE14: 168.63986 | AF14: 175.00638 | AG14: 181.3729 | AH14: 187.73942 | AI14: 194.10594 | AJ14: 200.47246 | AK14: 206.83898 | AL14: 213.2055 | AM14: 219.57202 | AN14: 225.93854 | AO14: 232.30506 | AP14: 238.67158 | AQ14: 245.0381 | AR14: 251.40463 | AS14: 257.77115 | AT14: 264.13767 | AU14: 270.50419 | AV14: 276.87071 | AW14: 283.23723 | AX14: 289.60375 | AY14: 295.97027 | AZ14: 302.33679 | BA14: 308.70331 | BB14: 315.06983 | BC14: 321.43635 | BD14: 327.80287 | BE14: 334.16939 | BF14: 340.53591 | BG14: 346.90243 | BH14: 353.26895 | BI14: 359.63548 | BJ14: 366.002 | BK14: 372.36852 | BL14: 378.73504 | BM14: 385.10156 | BN14: 391.46808 | BO14: 397.8346 | BP14: 404.20112 | BQ14: 410.56764 | BR14: 416.93416 | BS14: 423.30068 | BT14: 429.6672
... A51: =A50+1.8 -> 120 | B51: -116.85444 | C51: -110.66906 | D51: -104.48369 | E51: -98.298315 | F51: -92.112941 | G51: -85.927567 | H51: -79.742193 | I51: -73.556819 | J51: -67.371445 | K51: -61.186071 | L51: -55.000697 | M51: -48.815323 | N51: -42.629949 | O51: -36.444575 | P51: -30.259201 | Q51: -24.073827 | R51: -17.888453 | S51: -11.703079 | T51: -5.5177052 | U51: 0.66766886 | V51: 6.8530429 | W51: 13.038417 | X51: 19.223791 | Y51: 25.409165 | Z51: 31.594539 | AA51: 37.779913 | AB51: 43.965287 | AC51: 50.150661 | AD51: 56.336035 | AE51: 62.521409 | AF51: 68.706783 | AG51: 74.892157 | AH51: 81.077531 | AI51: 87.262905 | AJ51: 93.448279 | AK51: 99.633653 | AL51: 105.81903 | AM51: 112.0044 | AN51: 118.18978 | AO51: 124.37515 | AP51: 130.56052 | AQ51: 136.7459 | AR51: 142.93127 | AS51: 149.11665 | AT51: 155.30202 | AU51: 161.48739 | AV51: 167.67277 | AW51: 173.85814 | AX51: 180.04352 | AY51: 186.22889 | AZ51: 192.41426 | BA51: 198.59964 | BB51: 204.78501 | BC51: 210.97039 | BD51: 217.15576 | BE51: 223.34113 | BF51: 229.52651 | BG51: 235.71188 | BH51: 241.89726 | BI51: 248.08263 | BJ51: 254.268 | BK51: 260.45338 | BL51: 266.63875 | BM51: 272.82413 | BN51: 279.0095 | BO51: 285.19487 | BP51: 291.38025 | BQ51: 297.56562 | BR51: 303.751 | BS51: 309.93637 | BT51: 316.12174
A52: [F]

Sheet Specific Volume Table
B1: 12.4 | C1: =B1+0.2 -> 12.6 | D1: =C1+0.2 -> 12.8 | E1: =D1+0.2 -> 13 | F1: =E1+0.2 -> 13.2 | G1: =F1+0.2 -> 13.4 | H1: =G1+0.2 -> 13.6 | I1: =H1+0.2 -> 13.8 | J1: =I1+0.2 -> 14 | ... O1: =N1+0.2 -> 15 | P1: [Ft^3/LB]
A2: =30+1.8 -> 31.8 | B2: 19.545543 | C2: 90.0866 | D2: 160.62766 | E2: 231.16871 | F2: 301.70977 | G2: 372.25083 | H2: 442.79189 | I2: 513.33294 | J2: 583.874 | K2: 654.41506 | L2: 724.95611 | M2: 795.49717 | N2: 866.03823 | O2: 936.57929
A3: =A2+1.8 -> 33.6 | B3: 3.2018347 | C3: 73.479284 | D3: 143.75673 | E3: 214.03418 | F3: 284.31163 | G3: 354.58908 | H3: 424.86653 | I3: 495.14398 | J3: 565.42143 | K3: 635.69888 | L3: 705.97632 | M3: 776.25377 | N3: 846.53122 | O3: 916.80867
A4: =A3+1.8 -> 35.4 | B4: -13.020178 | C4: 56.995626 | D4: 127.01143 | E4: 197.02723 | F4: 267.04304 | G4: 337.05884 | H4: 407.07464 | I4: 477.09045 | J4: 547.10625 | K4: 617.12205 | L4: 687.13786 | M4: 757.15366 | N4: 827.16947 | O4: 897.18527
A5: =A4+1.8 -> 37.2 | B5: -29.121848 | C5: 40.634252 | D5: 110.39035 | E5: 180.14645 | F5: 249.90255 | G5: 319.65865 | H5: 389.41475 | I5: 459.17085 | J5: 528.92695 | K5: 598.68305 | L5: 668.43914 | M5: 738.19524 | N5: 807.95134 | O5: 877.70744
A6: =A5+1.8 -> 39 | B6: -45.10451 | C6: 24.393805 | D6: 93.892119 | E6: 163.39043 | F6: 232.88875 | G6: 302.38706 | H6: 371.88538 | I6: 441.38369 | J6: 510.88201 | K6: 580.38032 | L6: 649.87863 | M6: 719.37695 | N6: 788.87526 | O6: 858.37358
A7: =A6+1.8 -> 40.8 | B7: -60.969478 | C7: 8.2729497 | D7: 77.515377 | E7: 146.75781 | F7: 216.00023 | G7: 285.24266 | H7: 354.48509 | I7: 423.72752 | J7: 492.96994 | K7: 562.21237 | L7: 631.4548 | M7: 700.69723 | N7: 769.93966 | O7: 839.18208
A8: =A7+1.8 -> 42.6 | B8: -76.718048 | C8: -7.7296299 | D8: 61.258789 | E8: 130.24721 | F8: 199.23563 | G8: 268.22404 | H8: 337.21246 | I8: 406.20088 | J8: 475.1893 | K8: 544.17772 | L8: 613.16614 | M8: 682.15456 | N8: 751.14297 | O8: 820.13139
A9: =A8+1.8 -> 44.4 | B9: -92.351497 | C9: -23.615231 | D9: 45.121036 | E9: 113.8573 | F9: 182.59357 | G9: 251.32983 | H9: 320.0661 | I9: 388.80237 | J9: 457.53863 | K9: 526.2749 | L9: 595.01116 | M9: 663.74743 | N9: 732.4837 | O9: 801.21996
A10: =A9+1.8 -> 46.2 | B10: -107.87108 | C10: -39.385131 | D10: 29.10082 | E10: 97.58677 | F10: 166.07272 | G10: 234.55867 | H10: 303.04462 | I10: 371.53057 | J10: 440.01652 | K10: 508.50247 | L10: 576.98842 | M10: 645.47437 | N10: 713.96032 | O10: 782.44627
A11: =A10+1.8 -> 48 | B11: -123.27804 | C11: -55.040589 | D11: 13.196861 | E11: 81.434312 | F11: 149.67176 | G11: 217.90921 | H11: 286.14667 | I11: 354.38412 | J11: 422.62157 | K11: 490.85902 | L11: 559.09647 | M11: 627.33392 | N11: 695.57137 | O11: 763.80882
A12: =A11+1.8 -> 49.8 | B12: -138.5736 | C12: -70.582848 | D12: -2.5920998 | E12: 65.398649 | F12: 133.3894 | G12: 201.38015 | H12: 269.37089 | I12: 337.36164 | J12: 405.35239 | K12: 473.34314 | L12: 541.33389 | M12: 609.32464 | N12: 677.31538 | O12: 745.30613
A13: =A12+1.8 -> 51.6 | B13: -153.75895 | C13: -86.01313 | D13: -18.267307 | E13: 49.478516 | F13: 117.22434 | G13: 184.97016 | H13: 252.71599 | I13: 320.46181 | J13: 388.20763 | K13: 455.95346 | L13: 523.69928 | M13: 591.4451 | N13: 659.19093 | O13: 726.93675
A14: =A13+1.8 -> 53.4 | B14: -168.8353 | C14: -101.33264 | D14: -33.829985 | E14: 33.672672 | F14: 101.17533 | G14: 168.67798 | H14: 236.18064 | I14: 303.6833 | J14: 371.18595 | K14: 438.68861 | L14: 506.19127 | M14: 573.69392 | N14: 641.19658 | O14: 708.69924
... A51: =A50+1.8 -> 120 | B51: -659.49443 | C51: -599.90563 | D51: -540.31683 | E51: -480.72803 | F51: -421.13923 | G51: -361.55043 | H51: -301.96163 | I51: -242.37283 | J51: -182.78403 | K51: -123.19523 | L51: -63.60643 | M51: -4.0176305 | N51: 55.571169 | O51: 115.15997
A52: [F]

Sheet Wet Bulb Table
B1: 20 | C1: =B1+5 -> 25 | D1: =C1+5 -> 30 | E1: =D1+5 -> 35 | F1: =E1+5 -> 40 | G1: =F1+5 -> 45 | H1: =G1+5 -> 50 | I1: =H1+5 -> 55 | J1: =I1+5 -> 60 | ... Q1: =P1+5 -> 95 | R1: [F]
A2: =30+1.8 -> 31.8 | B2: 0.18679747 | C2: 11.825419 | D2: 24.332779 | E2: 37.85225 | F2: 52.549051 | G2: 68.613268 | H2: 86.263349 | I2: 105.75017 | J2: 127.36183 | K2: 151.4293 | L2: 178.33322 | M2: 208.51211 | N2: 242.47236 | O2: 280.80058 | P2: 324.17895 | Q2: 373.40444
A3: =A2+1.8 -> 33.6 | B3: -2.7012352 | C3: 8.9146538 | D3: 21.398328 | E3: 34.893034 | F3: 49.563848 | G3: 65.60069 | H3: 83.221816 | I3: 102.67789 | J3: 124.25674 | K3: 148.28906 | L3: 175.15516 | M3: 205.29315 | N3: 239.209 | O3: 277.48877 | P3: 320.81403 | Q3: 369.98107
A4: =A3+1.8 -> 35.4 | B4: -5.5847966 | C4: 6.0084436 | D4: 18.468522 | E4: 31.938562 | F4: 46.583494 | G4: 62.593074 | H4: 80.185369 | I4: 99.61082 | J4: 121.15701 | K4: 145.15434 | L4: 171.98277 | M4: 202.08005 | N4: 235.95168 | O4: 274.18321 | P4: 317.45559 | Q4: 366.5644
A5: =A4+1.8 -> 37.2 | B5: -8.4639049 | C5: 3.1067662 | D5: 15.543335 | E5: 28.988801 | F5: 43.607952 | G5: 59.590378 | H5: 77.153958 | I5: 96.548913 | J5: 118.06258 | K5: 142.02506 | L5: 168.81598 | M5: 198.87271 | N5: 232.7003 | O5: 270.88378 | P5: 314.10349 | Q5: 363.1543
A6: =A5+1.8 -> 39 | B6: -11.338577 | C6: 0.2096016 | D6: 12.622744 | E6: 26.043725 | F6: 40.63719 | G6: 56.592567 | H6: 74.127542 | I6: 93.49212 | J6: 114.97338 | K6: 138.90115 | L6: 165.65472 | M6: 195.67106 | N6: 229.45477 | O6: 267.59038 | P6: 310.75763 | Q6: 359.75065
A7: =A6+1.8 -> 40.8 | B7: -14.208829 | C7: -2.6830692 | D7: 9.7067254 | E7: 23.103307 | F7: 37.671179 | G7: 53.599603 | H7: 71.106079 | I7: 90.440392 | J7: 111.88938 | K7: 135.78256 | L7: 162.49891 | M7: 192.475 | N7: 226.21501 | O7: 264.30293 | P7: 307.41789 | Q7: 356.35333
A8: =A7+1.8 -> 42.6 | B8: -17.074676 | C8: -5.5712641 | D8: 6.7952595 | E8: 20.167524 | F8: 34.70989 | G8: 50.611456 | H8: 68.089533 | I8: 87.39369 | J8: 108.81051 | K8: 132.66923 | L8: 159.34849 | M8: 189.28449 | N8: 222.98094 | O8: 261.02133 | P8: 304.08418 | Q8: 352.96224
A9: =A8+1.8 -> 44.4 | B9: -19.936132 | C9: -8.4549999 | D9: 3.8883263 | E9: 17.236352 | F9: 31.753297 | G9: 47.628096 | H9: 65.07787 | I9: 84.351974 | J9: 105.73674 | K9: 129.56112 | L9: 156.20342 | M9: 186.09945 | N9: 219.75249 | O9: 257.7455 | P9: 300.75642 | Q9: 349.57727
A10: =A9+1.8 -> 46.2 | B10: -22.793213 | C10: -11.334293 | D10: 0.98590739 | E10: 14.309771 | F10: 28.801376 | G10: 44.649494 | H10: 62.071059 | I10: 81.315208 | J10: 102.66803 | K10: 126.45818 | L10: 153.06363 | M10: 182.91983 | N10: 216.52959 | O10: 254.47538 | P10: 297.43452 | Q10: 346.19834
A11: =A10+1.8 -> 48 | B11: -25.645929 | C11: -14.209158 | D11: -1.9120148 | E11: 11.38776 | F11: 25.854104 | G11: 41.675624 | H11: 59.069069 | I11: 78.283359 | J11: 99.604329 | K11: 123.36036 | L11: 149.92909 | M11: 179.74557 | N11: 213.3122 | O11: 251.2109 | P11: 294.11842 | Q11: 342.82536
A12: =A11+1.8 -> 49.8 | B12: -28.494296 | C12: -17.079609 | D12: -4.8054568 | E12: 8.4703009 | F12: 22.911459 | G12: 38.706463 | H12: 56.071873 | I12: 75.256395 | J12: 96.545616 | K12: 120.26763 | L12: 146.79974 | M12: 176.57663 | N12: 210.10024 | O12: 247.952 | P12: 290.80804 | Q12: 339.45827
A13: =A12+1.8 -> 51.6 | B13: -31.338324 | C13: -19.945662 | D13: -7.6944344 | E13: 5.5573751 | F13: 19.973421 | G13: 35.741986 | H13: 53.079445 | I13: 72.234287 | J13: 93.491852 | K13: 117.17994 | L13: 143.67555 | M13: 173.41296 | N13: 206.89368 | O13: 244.69863 | P13: 287.50332 | Q13: 336.097
A14: =A13+1.8 -> 53.4 | B14: -34.178025 | C14: -22.807328 | D14: -10.578963 | E14: 2.6489658 | F14: 17.03997 | G14: 32.782173 | H14: 50.091761 | I14: 69.217008 | J14: 90.443008 | K14: 114.09728 | L14: 140.55648 | M14: 170.25452 | N14: 203.69246 | O14: 241.45072 | P14: 284.20421 | Q14: 332.74147
... A51: =A50+1.8 -> 120 | B51: -136.27947 | C51: -125.68745 | D51: -114.26945 | E51: -101.88801 | F51: -88.384716 | G51: -73.577336 | H51: -57.25646 | I51: -39.181617 | J51: -19.076691 | K51: 3.3754931 | L51: 28.53967 | M51: 56.835975 | N51: 88.749524 | O51: 124.84221 | P51: 165.76736 | Q51: 212.28824
A52: [F]
